Durand94;pohello23
AdliBB;14ell13
Beubeu4;2o213
Marc92;zXB2lo
Cyril23;fdazdo3
Eminem1;2dkéeo3
Bertand2;4nzs13
AliceM;a1b2c3d4
JulienD;j5k6l7m8
ClaireL;c9d0e1f2
ThomasR;t3u4v5w6
MarieG;m7n8o9p0
PaulM;p2q3r4s5
SophieL;s6t7u8v9
LucasD;l1m2n3o4
EmmaG;e5f6g7h8
AntoineR;a9b0c1d2
KevinB92;k3v1nB92z
MathiasL;m4thL123
SerenaM;s3r3n4M90
JonathanD;j0nD5678
PatrickT;p4tT1987
SophieA;s0phA654
DamienX;d4mX!23
LauraV;l4uVx92
WilliamC;w1llC7y9
MélanieF;m3lF!234
XavierH;x4vH0298
JulieN;j7uN8765
FlorianG;f10g5432
ThomasP;t0mP1x2y
ClaireB;c1aBz098
RichardQ;r1chQx7!8
OliviaK;0l1vK923
QuentinD;q7dXz210
EstebanF;3stF0198
AliceW;a1cW8234
NathanT;n8tT6547
MarineG;m4rG0987
CédricJ;c3dJx123
BenoîtV;b9vQw456
AmandineP;4mP0x2y7
LéoS;l3oS2198
ManonD;m4nD9870
AlexisL;4l3L0231
SarahM;s4rM0982
JordanP;j0rP6543
VincentC;v1ncC9876
EvaZ;3v4Z1234
RaphaëlB;r4phB0123
JadeF;j4dF0981
SamuelX;s4mX7654
EliseN;3l1N0987
AntoineY;a9tY7653
LouisaK;l0uK1234
HugoM;h8gM0982
ChloéR;c7lR0982
BastienV;b4sV7654
SabrinaD;s4bD6543
AurélienF;a7rF1234
